,snap_num,pos,nick,lap,gap,int,pits,t
0,21,1,Vettel,21, , ,1,2:36.714
1,21,2,Rosberg,21,1.5,1.500,1,2:37.458
2,21,3,Sutil,21,2.4,0.900,1,2:37.022
3,21,4,Alonso,21,3.1,0.600,1,2:37.067
4,21,5,Raikkonnen,21,4.3,1.200,1,2:37.275
5,21,6,Grosjean,21,4.7,0.900,1,2:44.300
6,21,7,Ricciardo,21,5.4,0.600,1,2:44.005
7,21,8,Perez,21,6.1,0.700,1,2:43.780
8,21,9,Webber,21,7.2,1.000,1,2:43.850
9,21,10,Button,21,8.3,1.100,1,2:43.778
10,21,11,Di Resta,21,9.4,1.000,1,2:43.957
11,21,12,Hulkenberg,21,9.9,0.400,1,2:44.199
12,21,13,Gutierrez,21,10.4,0.500,1,2:43.780
13,21,14,Hamilton,21,12.1,1.600,1,2:44.184
14,21,15,Maldonado,21,13.3,1.200,1,2:44.294
15,21,16,Vergne,21,14.5,1.200,1,2:44.382
16,21,17,Bottas,21,15.2,0.700,1,2:43.771
17,21,18,Pic,21,16.8,1.500,1,2:44.380
18,21,19,Bianchi,21,17.7,0.900,1,2:43.185
19,21,20,Chilton,21,19.5,1.700,1,2:44.162
20,21,21,Van Der Garde,21,20.4,0.900,1,2:43.701
21,21,22,Massa,21,21.2,0.700,2,2:41.968
0,22,1,Vettel,21, , ,1,2:36.714
1,22,2,Rosberg,21,1.5,1.500,1,2:37.458
2,22,3,Sutil,21,2.4,0.900,1,2:37.022
3,22,4,Alonso,21,3.1,0.600,1,2:37.067
4,22,5,Raikkonnen,21,4.3,1.200,1,2:37.275
5,22,6,Grosjean,21,4.7,0.900,1,2:44.300
6,22,7,Ricciardo,21,5.4,0.600,1,2:44.005
7,22,8,Perez,21,6.1,0.700,1,2:43.780
8,22,9,Webber,21,7.2,1.000,1,2:43.850
9,22,10,Button,21,8.3,1.100,1,2:43.778
10,22,11,Di Resta,21,9.4,1.000,1,2:43.957
11,22,12,Hulkenberg,21,9.9,0.400,1,2:44.199
12,22,13,Gutierrez,21,10.4,0.500,1,2:43.780
13,22,14,Hamilton,21,12.1,1.600,1,2:44.184
14,22,15,Maldonado,21,13.3,1.200,1,2:44.294
15,22,16,Vergne,21,14.5,1.200,1,2:44.382
16,22,17,Bottas,21,15.2,0.700,1,2:43.771
17,22,18,Pic,21,16.8,1.500,1,2:44.380
18,22,19,Bianchi,21,17.7,0.900,1,2:43.185
19,22,20,Chilton,21,19.5,1.700,1,2:44.162
20,22,21,Van Der Garde,21,20.4,0.900,1,2:43.701
21,22,22,Massa,21,21.2,0.700,2,2:38.661
0,23,1,Vettel,22, , ,1,2:31.957
1,23,2,Rosberg,22,1.0,1.000,1,2:31.455
2,23,3,Sutil,22,2.0,2.100,1,1:38.802
3,23,4,Alonso,23,2.5,0.400,1,2:31.348
4,23,5,Raikkonnen,23,3.0,0.500,1,2:30.664
5,23,6,Grosjean,23,3.5,0.500,1,2:30.322
6,23,7,Ricciardo,23,4.0,0.500,1,2:29.652
7,23,8,Perez,23,4.6,0.500,1,2:29.086
8,23,9,Webber,23,4.8,0.200,1,2:29.081
9,23,10,Button,23,5.1,0.300,1,2:28.302
10,23,11,Di Resta,23,5.7,0.500,1,2:27.589
11,23,12,Hulkenberg,23,6.0,0.300,1,2:27.550
12,23,13,Gutierrez,23,6.6,0.500,1,2:26.757
13,23,14,Hamilton,23,7.0,0.300,1,2:26.564
14,23,15,Maldonado,23,7.5,0.500,1,2:24.461
15,23,16,Vergne,23,8.3,0.700,1,2:24.482
16,23,17,Bottas,23,8.6,0.300,1,2:23.770
17,23,18,Pic,23,9.2,0.600,1,2:22.533
18,23,19,Bianchi,23,9.7,0.500,1,2:21.628
19,23,20,Chilton,23,10.1,0.400,1,2:20.803
20,23,21,Massa,23,10.5,0.400,2,2:19.357
21,23,22,Van Der Garde,23,11.2,0.600,1,2:20.540
0,24,1,Vettel,24, , ,1,1:36.634
1,24,2,Rosberg,24,1.4,1.400,1,1:36.732
2,24,3,Sutil,24,3.4,2.100,1,1:38.802
3,24,4,Alonso,24,3.9,0.400,1,1:38.808
4,24,5,Raikkonnen,24,4.4,0.500,1,1:38.834
5,24,6,Grosjean,24,5.2,0.800,1,1:39.171
6,24,7,Ricciardo,24,5.9,0.600,1,1:39.285
7,24,8,Webber,24,6.4,0.500,1,1:39.036
8,24,9,Perez,24,7.0,0.500,1,1:39.799
9,24,10,Button,24,7.5,0.500,1,1:39.761
10,24,11,Di Resta,24,8.6,1.100,1,1:40.324
11,24,12,Hulkenberg,24,9.0,0.400,1,1:40.396
12,24,13,Gutierrez,24,9.7,0.600,1,1:40.463
13,24,14,Hamilton,24,10.0,0.300,1,1:40.479
14,24,15,Maldonado,24,10.8,0.800,1,1:40.724
15,24,16,Vergne,24,11.7,0.800,1,1:40.822
16,24,17,Bottas,24,12.3,0.600,1,1:41.104
17,24,18,Massa,24,13.0,0.700,2,1:39.842
18,24,19,Pic,24,13.8,0.800,1,1:42.056
19,24,20,Bianchi,24,15.0,1.100,1,1:42.689
20,24,21,Chilton,24,16.5,1.500,1,1:43.776
21,24,22,Van Der Garde,24,17.1,0.600,1,1:43.324
0,25,1,Vettel,24, , ,1,1:36.634
1,25,2,Rosberg,24,1.4,1.400,1,1:36.732
2,25,3,Sutil,24,3.4,2.100,1,1:38.802
3,25,4,Alonso,24,3.9,0.400,1,1:38.808
4,25,5,Raikkonnen,24,4.4,0.500,1,1:38.834
5,25,6,Grosjean,24,5.2,0.800,1,1:39.171
6,25,7,Ricciardo,24,5.9,0.600,1,1:39.285
7,25,8,Webber,24,6.4,0.500,1,1:39.036
8,25,9,Perez,24,7.0,0.500,1,1:39.799
9,25,10,Button,24,7.5,0.500,1,1:39.761
10,25,11,Di Resta,24,8.6,1.100,1,1:40.324
11,25,12,Hulkenberg,25,11.7,0.700,1,1:39.328
12,25,13,Gutierrez,25,12.5,0.700,1,1:39.459
13,25,14,Hamilton,25,12.9,0.400,1,1:39.547
14,25,15,Maldonado,25,14.1,1.100,1,1:39.874
15,25,16,Vergne,25,15.2,1.100,1,1:40.204
16,25,17,Bottas,25,15.9,0.600,1,1:40.269
17,25,18,Massa,25,16.2,0.300,2,1:39.904
18,25,19,Pic,25,17.6,1.400,1,1:40.452
19,25,20,Bianchi,25,19.0,1.300,1,1:40.654
20,25,21,Chilton,25,22.0,3.000,1,1:42.167
21,25,22,Van Der Garde,25,22.6,0.500,1,1:42.096
0,26,1,Vettel,26, , ,1,1:36.345
1,26,2,Rosberg,26,2.1,2.100,1,1:36.474
2,26,3,Sutil,26,5.5,3.500,1,1:37.479
3,26,4,Alonso,26,6.3,0.700,1,1:37.486
4,26,5,Raikkonnen,26,7.0,0.700,1,1:37.477
5,26,6,Grosjean,26,7.9,0.800,1,1:37.616
6,26,7,Ricciardo,26,8.8,0.900,1,1:37.771
7,26,8,Webber,26,9.4,0.500,1,1:37.718
8,26,9,Perez,26,10.2,0.800,1,1:37.822
9,26,10,Button,26,11.5,1.200,1,1:38.093
10,26,11,Di Resta,26,13.0,1.500,1,1:38.304
11,26,12,Hulkenberg,26,14.0,0.900,1,1:38.540
12,26,13,Hamilton,26,14.9,0.900,1,1:38.256
13,26,14,Gutierrez,26,15.9,0.900,1,1:39.652
14,26,15,Maldonado,26,17.3,1.400,1,1:39.470
15,26,16,Vergne,26,18.8,1.400,1,1:39.804
16,26,17,Bottas,26,19.5,0.600,1,1:39.833
17,26,18,Massa,26,19.7,0.200,2,1:39.773
18,26,19,Pic,26,21.3,1.500,1,1:39.889
19,26,20,Bianchi,26,23.0,1.700,1,1:40.305
20,26,21,Van Der Garde,26,27.6,4.500,1,1:41.301
21,26,22,Chilton,26,28.1,0.400,1,1:42.344
0,27,1,Vettel,27, , ,1,1:36.410
1,27,2,Rosberg,27,2.5,2.500,1,1:36.795
2,27,3,Sutil,27,6.6,4.400,1,1:37.384
3,27,4,Alonso,27,7.9,1.300,1,1:37.983
4,27,5,Raikkonnen,27,8.5,0.500,1,1:37.838
5,27,6,Grosjean,27,9.3,0.700,1,1:37.719
6,27,7,Ricciardo,27,10.2,0.900,1,1:37.738
7,27,8,Webber,27,10.9,0.700,1,1:37.881
8,27,9,Perez,27,11.9,0.900,1,1:38.024
9,27,10,Button,27,13.5,1.600,1,1:38.356
10,27,11,Hulkenberg,OUT,13.8,0.300,2,
11,27,12,Di Resta,27,15.2,1.400,1,1:38.547
12,27,13,Hamilton,27,16.5,1.200,1,1:37.928
13,27,14,Gutierrez,27,18.5,1.900,1,1:38.986
14,27,15,Maldonado,27,20.4,1.800,1,1:39.444
15,27,16,Vergne,OUT,22.5,2.100,2,
16,27,17,Massa,27,22.5,2.100,2,1:39.112
17,27,18,Bottas,27,23.4,0.800,1,1:40.246
18,27,19,Pic,27,25.4,2.000,1,1:40.443
19,27,20,Bianchi,27,27.3,1.900,1,1:40.588
20,27,21,Van Der Garde,27,33.4,6.100,1,1:42.150
21,27,22,Chilton,27,33.9,0.400,1,1:42.170
0,28,1,Vettel,27, , ,1,1:36.410
1,28,2,Rosberg,27,2.5,2.500,1,1:36.795
2,28,3,Sutil,27,6.6,4.400,1,1:37.384
3,28,4,Alonso,27,7.9,1.300,1,1:37.983
4,28,5,Raikkonnen,27,8.5,0.500,1,1:37.838
5,28,6,Grosjean,27,9.3,0.700,1,1:37.719
6,28,7,Ricciardo,27,10.2,0.900,1,1:37.738
7,28,8,Webber,27,10.9,0.700,1,1:37.881
8,28,9,Perez,27,11.9,0.900,1,1:38.024
9,28,10,Button,27,13.5,1.600,1,1:38.356
10,28,11,Hulkenberg,OUT,13.8,0.300,2,
11,28,12,Di Resta,27,18.0,0.800,1,1:37.947
12,28,13,Gutierrez,28,20.9,2.800,1,1:38.779
13,28,14,Maldonado,28,22.9,2.000,1,1:38.925
14,28,15,Massa,28,24.1,1.200,2,1:38.031
15,28,16,Bottas,28,25.9,1.700,1,1:38.931
16,28,17,Pic,28,28.7,2.800,1,1:39.740
17,28,18,Bianchi,28,31.3,2.600,1,1:40.460
18,28,19,Hulkenberg,28,33.0,1.600,2,1:55.582
19,28,20,Van Der Garde,28,38.7,5.700,1,1:41.730
20,28,21,Chilton,28,39.3,0.600,1,1:41.841
21,28,22,Vergne,28,43.1,3.700,2,1:56.977
0,29,1,Vettel,29, , ,1,1:36.755
1,29,2,Rosberg,29,3.3,3.300,1,1:37.328
2,29,3,Sutil,29,9.9,6.600,1,1:38.401
3,29,4,Alonso,29,10.6,0.600,1,1:37.950
4,29,5,Raikkonnen,29,11.4,0.800,1,1:38.060
5,29,6,Grosjean,29,12.8,1.300,1,1:38.434
6,29,7,Ricciardo,29,13.3,0.500,1,1:38.276
7,29,8,Webber,29,14.1,0.700,1,1:38.284
8,29,9,Perez,29,14.8,0.600,1,1:37.841
9,29,10,Button,29,17.0,2.200,1,1:38.258
10,29,11,Di Resta,29,19.2,2.200,1,1:38.556
11,29,12,Hamilton,29,19.7,0.400,1,1:38.156
12,29,13,Gutierrez,OUT,24.0,4.300,2,
13,29,14,Maldonado,29,26.1,2.000,1,1:39.742
14,29,15,Massa,29,26.6,0.400,2,1:38.988
15,29,16,Bottas,29,28.6,2.000,1,1:39.270
16,29,17,Pic,29,32.2,3.500,1,1:40.031
17,29,18,Hulkenberg,29,34.3,2.000,2,1:37.819
18,29,19,Bianchi,29,35.8,1.400,1,1:40.960
19,29,20,Van Der Garde,29,45.2,9.400,1,1:42.969
20,29,21,Chilton,29,45.6,0.300,1,1:42.755
21,29,22,Vergne,29,45.7,0.100,2,1:39.183
0,30,1,Vettel,29, , ,1,1:36.755
1,30,2,Rosberg,29,4.0,4.000,1,1:37.468
2,30,3,Sutil,29,9.9,6.600,1,1:38.401
3,30,4,Alonso,29,10.6,0.600,1,1:37.950
4,30,5,Raikkonnen,29,11.4,0.800,1,1:38.060
5,30,6,Grosjean,29,12.8,1.300,1,1:38.434
6,30,7,Ricciardo,29,13.3,0.500,1,1:38.276
7,30,8,Webber,29,14.1,0.700,1,1:38.284
8,30,9,Perez,29,14.8,0.600,1,1:37.841
9,30,10,Button,29,17.0,2.200,1,1:38.258
10,30,11,Di Resta,29,19.2,2.200,1,1:38.556
11,30,12,Hamilton,30,21.3,0.400,1,1:38.406
12,30,13,Maldonado,30,28.4,7.000,1,1:39.025
13,30,14,Massa,30,29.1,0.600,2,1:39.232
14,30,15,Bottas,30,31.3,2.200,1,1:39.435
15,30,16,Hulkenberg,30,35.1,3.800,2,1:37.617
16,30,17,Pic,30,36.1,0.900,1,1:40.663
17,30,18,Bianchi,30,39.7,3.500,1,1:40.652
18,30,19,Gutierrez,30,45.7,6.000,2,1:58.435
19,30,20,Van Der Garde,OUT,48.6,2.800,2,
20,30,21,Vergne,30,49.8,1.200,2,1:40.862
21,30,22,Chilton,30,51.6,1.700,1,1:42.727
0,31,1,Vettel,30, , ,1,1:37.349
1,31,2,Rosberg,30,3.5,3.500,1,1:36.918
2,31,3,Sutil,30,11.7,7.700,1,1:38.568
3,31,4,Alonso,30,12.4,0.600,1,1:38.597
4,31,5,Raikkonnen,30,13.2,0.700,1,1:38.494
5,31,6,Ricciardo,30,14.5,1.300,1,1:37.927
6,31,7,Grosjean,30,15.5,0.900,1,1:39.427
7,31,8,Webber,30,16.1,0.500,1,1:38.743
8,31,9,Perez,30,16.7,0.600,1,1:38.672
9,31,10,Button,30,18.7,1.900,1,1:38.434
10,31,11,Di Resta,30,20.8,2.100,1,1:38.362
11,31,12,Hamilton,31,22.3,0.500,1,1:38.335
12,31,13,Massa,31,29.7,7.300,2,1:37.991
13,31,14,Maldonado,31,30.7,0.900,1,1:39.632
14,31,15,Bottas,31,33.1,2.400,1,1:39.139
15,31,16,Hulkenberg,31,34.8,1.600,2,1:37.001
16,31,17,Pic,31,38.3,3.400,1,1:39.510
17,31,18,Bianchi,31,42.2,3.900,1,1:39.882
18,31,19,Gutierrez,OUT,46.8,4.500,3,
19,31,20,Vergne,31,50.9,4.100,2,1:38.429
20,31,21,Chilton,31,55.1,4.100,1,1:40.867
21,31,22,Van Der Garde,31,70.9,15.700,2,1:59.659
0,32,1,Vettel,32, , ,1,1:36.661
1,32,2,Rosberg,32,3.1,3.100,1,1:36.872
2,32,3,Alonso,OUT,11.6,8.400,2,
3,32,4,Sutil,32,13.0,1.400,1,1:37.943
4,32,5,Ricciardo,32,15.5,2.500,1,1:37.676
5,32,6,Webber,32,16.6,1.000,1,1:37.164
6,32,7,Grosjean,OUT,16.8,0.200,2,
7,32,8,Perez,32,19.6,2.800,1,1:38.595
8,32,9,Button,32,20.4,0.700,1,1:38.220
9,32,10,Di Resta,32,22.4,1.900,1,1:37.914
10,32,11,Hamilton,32,22.9,0.500,1,1:37.840
11,32,12,Raikkonnen,32,26.9,4.000,2,1:52.515
12,32,13,Massa,32,30.3,3.400,2,1:37.880
13,32,14,Maldonado,32,32.3,1.900,1,1:38.924
14,32,15,Bottas,32,34.7,2.300,1,1:38.820
15,32,16,Hulkenberg,32,35.1,0.300,2,1:37.520
16,32,17,Pic,32,40.4,5.300,1,1:39.436
17,32,18,Bianchi,32,45.0,4.500,1,1:40.102
18,32,19,Vergne,32,52.0,7.000,2,1:38.370
19,32,20,Chilton,32,58.5,6.500,1,1:40.723
20,32,21,Gutierrez,32,71.8,13.200,3,2:02.291
21,32,22,Van Der Garde,32,74.5,2.700,2,1:40.939
0,33,1,Vettel,32, , ,1,1:36.742
1,33,2,Rosberg,33,3.4,3.400,1,1:36.930
2,33,3,Sutil,33,14.4,11.000,1,1:38.080
3,33,4,Webber,OUT,15.0,0.500,2,
4,33,5,Ricciardo,33,16.6,1.600,1,1:37.753
5,33,6,Perez,33,20.7,4.100,1,1:37.754
6,33,7,Button,33,22.1,1.300,1,1:38.342
7,33,8,Di Resta,33,24.2,2.000,1,1:38.439
8,33,9,Hamilton,33,24.4,0.200,1,1:38.141
9,33,10,Raikkonnen,33,26.8,2.400,2,1:36.584
10,33,11,Alonso,33,27.7,0.900,2,1:52.826
11,33,12,Massa,33,31.6,3.900,2,1:37.980
12,33,13,Maldonado,33,34.5,2.800,1,1:38.849
13,33,14,Grosjean,33,35.4,0.900,2,1:55.280
14,33,15,Hulkenberg,33,36.6,1.100,2,1:38.202
15,33,16,Bottas,33,38.3,1.700,1,1:40.340
16,33,17,Pic,33,43.1,4.700,1,1:39.306
17,33,18,Bianchi,33,48.3,5.200,1,1:39.958
18,33,19,Vergne,33,54.1,5.700,2,1:38.717
19,33,20,Chilton,33,62.4,8.300,1,1:40.527
20,33,21,Gutierrez,33,71.8,9.400,3,1:36.697
21,33,22,Van Der Garde,33,78.7,6.800,2,1:40.807
0,34,1,Vettel,33, , ,1,1:37.527
1,34,2,Rosberg,34,3.4,3.400,1,1:36.685
2,34,3,Ricciardo,OUT,15.4,12.000,2,
3,34,4,Sutil,34,15.9,0.400,1,1:38.213
4,34,5,Perez,34,21.0,5.100,1,1:37.053
5,34,6,Button,OUT,21.2,0.100,2,
6,34,7,Di Resta,34,25.7,4.400,1,1:38.297
7,34,8,Hamilton,34,25.9,0.100,1,1:38.276
8,34,9,Raikkonnen,34,26.6,0.700,2,1:36.537
9,34,10,Alonso,34,27.2,0.500,2,1:36.204
10,34,11,Webber,34,30.2,3.000,2,1:51.978
11,34,12,Massa,34,33.1,2.800,2,1:38.182
12,34,13,Grosjean,34,36.5,3.400,2,1:37.807
13,34,14,Maldonado,34,37.6,1.000,1,1:39.824
14,34,15,Hulkenberg,34,38.0,0.400,2,1:38.171
15,34,16,Bottas,34,41.1,3.100,1,1:39.558
16,34,17,Pic,34,45.7,4.500,1,1:39.337
17,34,18,Bianchi,34,51.8,6.000,1,1:40.176
18,34,19,Vergne,34,56.1,4.300,2,1:38.758
19,34,20,Chilton,OUT,64.9,8.800,2,
20,34,21,Gutierrez,34,71.5,6.500,3,1:36.439
21,34,22,Van Der Garde,34,82.9,11.300,2,1:40.941
0,35,1,Vettel,35, , ,1,1:36.491
1,35,2,Rosberg,PIT,3.1,3.100,2,
2,35,3,Sutil,OUT,14.1,10.900,2,
3,35,4,Perez,OUT,18.7,4.600,2,
4,35,5,Di Resta,OUT,24.0,5.300,2,
5,35,6,Raikkonnen,35,26.4,2.300,2,1:37.279
6,35,7,Alonso,35,26.9,0.400,2,1:37.176
7,35,8,Hamilton,35,27.7,0.800,1,1:39.340
8,35,9,Webber,35,28.1,0.400,2,1:35.418
9,35,10,Massa,35,33.3,5.100,2,1:37.718
10,35,11,Ricciardo,35,34.0,0.700,2,1:56.140
11,35,12,Grosjean,35,36.4,2.300,2,1:37.389
12,35,13,Button,35,36.7,0.300,2,1:53.005
13,35,14,Maldonado,35,39.5,2.700,1,1:39.414
14,35,15,Hulkenberg,35,39.9,0.400,2,1:39.447
15,35,16,Bottas,35,43.0,3.000,1,1:39.358
16,35,17,Pic,35,47.5,4.400,1,1:39.309
17,35,18,Bianchi,OUT,52.2,4.700,2,
18,35,19,Vergne,35,57.4,5.200,2,1:38.875
19,35,20,Gutierrez,35,71.4,13.900,3,1:37.423
20,35,21,Van Der Garde,35,86.4,14.900,2,1:41.017
21,35,22,Chilton,35,87.3,0.900,2,1:59.913
0,36,1,Vettel,PIT, , ,2,
1,36,2,Rosberg,OUT,1.5,1.500,2,
2,36,3,Raikkonnen,36,25.3,23.800,2,1:35.453
3,36,4,Alonso,36,26.4,1.000,2,1:36.000
4,36,5,Webber,36,27.2,0.800,2,1:35.569
5,36,6,Hamilton,36,29.0,1.800,1,1:37.807
6,36,7,Sutil,36,32.6,3.500,2,1:54.989
7,36,8,Ricciardo,36,33.6,1.000,2,1:36.084
8,36,9,Massa,36,35.0,1.400,2,1:38.264
9,36,10,Perez,36,36.3,1.200,2,1:54.086
10,36,11,Grosjean,36,37.3,1.000,2,1:37.458
11,36,12,Button,36,37.8,0.400,2,1:37.570
12,36,13,Maldonado,36,41.7,3.900,1,1:38.756
13,36,14,Hulkenberg,36,42.2,0.400,2,1:38.785
14,36,15,Di Resta,36,42.7,0.400,2,1:55.105
15,36,16,Bottas,36,46.0,3.300,1,1:39.558
16,36,17,Pic,OUT,48.2,2.100,2,
17,36,18,Vergne,36,59.9,11.700,2,1:38.979
18,36,19,Bianchi,36,72.3,12.400,2,1:56.605
19,36,20,Gutierrez,36,72.8,0.400,3,1:37.872
20,36,21,Van Der Garde,36,90.1,17.200,2,1:40.168
21,36,22,Chilton,36,90.8,0.700,2,1:39.945
0,37,1,Vettel,PIT, , ,2,
1,37,2,Rosberg,OUT,1.5,1.500,2,
2,37,3,Raikkonnen,36,25.3,23.800,2,1:35.453
3,37,4,Alonso,36,26.4,1.000,2,1:36.000
4,37,5,Webber,36,27.2,0.800,2,1:35.569
5,37,6,Hamilton,36,29.0,1.800,1,1:37.807
6,37,7,Sutil,36,32.6,3.500,2,1:54.989
7,37,8,Ricciardo,36,33.6,1.000,2,1:36.084
8,37,9,Massa,36,35.0,1.400,2,1:38.264
9,37,10,Perez,36,36.3,1.200,2,1:54.086
10,37,11,Grosjean,36,37.3,1.000,2,1:37.458
11,37,12,Button,36,37.8,0.400,2,1:37.570
12,37,13,Maldonado,36,41.7,3.900,1,1:38.756
13,37,14,Hulkenberg,36,42.2,0.400,2,1:38.785
14,37,15,Di Resta,36,42.7,0.400,2,1:55.105
15,37,16,Bottas,36,46.0,3.300,1,1:39.558
16,37,17,Pic,OUT,48.2,2.100,2,
17,37,18,Vergne,36,59.9,11.700,2,1:38.979
18,37,19,Bianchi,36,72.3,12.400,2,1:56.605
19,37,20,Gutierrez,36,72.8,0.400,3,1:37.872
20,37,21,Van Der Garde,36,90.1,17.200,2,1:40.168
21,37,22,Chilton,36,90.8,0.700,2,1:39.945
0,38,1,Vettel,38, , ,2,1:35.018
1,38,2,Rosberg,38,2.5,2.500,2,1:35.089
2,38,3,Raikkonnen,38,11.4,8.800,2,1:36.141
3,38,4,Webber,38,12.2,0.800,2,1:35.613
4,38,5,Alonso,38,14.0,1.700,2,1:36.565
5,38,6,Hamilton,OUT,15.4,1.400,2,
6,38,7,Sutil,38,18.6,3.200,2,1:36.280
7,38,8,Ricciardo,38,19.7,1.000,2,1:36.215
8,38,9,Perez,38,23.6,3.900,2,1:36.285
9,38,10,Massa,OUT,25.1,1.400,3,
10,38,11,Grosjean,38,25.5,0.400,2,1:37.449
11,38,12,Button,38,26.7,1.100,2,1:38.100
12,38,13,Di Resta,38,32.0,5.200,2,1:37.583
13,38,14,Maldonado,38,33.3,1.300,1,1:39.214
14,38,15,Hulkenberg,38,33.8,0.500,2,1:38.538
15,38,16,Bottas,38,38.6,4.700,1,1:39.345
16,38,17,Pic,38,57.7,19.000,2,1:38.164
17,38,18,Gutierrez,38,62.0,4.300,3,1:36.894
18,38,19,Bianchi,38,64.0,2.000,2,1:38.393
19,38,20,Van Der Garde,38,84.8,20.700,2,1:40.489
20,38,21,Chilton,38,85.4,0.600,2,1:40.489
21,38,22,Vergne,×,2L, ,3,
0,39,1,Vettel,38, , ,2,1:35.266
1,39,2,Rosberg,39,2.2,2.200,2,1:34.892
2,39,3,Raikkonnen,39,12.3,9.700,2,1:35.930
3,39,4,Webber,39,12.9,0.600,2,1:35.718
4,39,5,Alonso,39,15.4,2.500,2,1:36.491
5,39,6,Sutil,39,19.9,4.500,2,1:36.327
6,39,7,Ricciardo,39,20.6,0.600,2,1:35.927
7,39,8,Perez,39,24.7,4.100,2,1:36.131
8,39,9,Grosjean,39,27.4,2.700,2,1:36.911
9,39,10,Button,39,28.1,0.600,2,1:36.439
10,39,11,Maldonado,OUT,34.1,5.900,2,
11,39,12,Di Resta,39,34.6,0.500,2,1:37.699
12,39,13,Hulkenberg,OUT,34.7,0.000,3,
13,39,14,Hamilton,39,34.9,0.100,2,1:54.476
14,39,15,Bottas,39,43.1,8.100,1,1:39.438
15,39,16,Massa,39,43.3,0.200,3,1:53.275
16,39,17,Pic,39,60.9,17.500,2,1:38.231
17,39,18,Gutierrez,39,64.6,3.700,3,1:37.589
18,39,19,Bianchi,39,67.6,3.000,2,1:38.611
19,39,20,Van Der Garde,39,90.6,22.900,2,1:40.840
20,39,21,Chilton,39,91.1,0.400,2,1:40.682
21,39,22,Vergne,×,3L, ,3,
0,40,1,Vettel,40, , ,2,1:35.867
1,40,2,Rosberg,40,1.6,1.600,2,1:35.335
2,40,3,Raikkonnen,40,13.4,11.200,2,1:36.370
3,40,4,Webber,40,14.0,0.600,2,1:36.374
4,40,5,Alonso,40,16.6,2.600,2,1:36.479
5,40,6,Sutil,40,21.2,4.500,2,1:36.532
6,40,7,Ricciardo,40,21.7,0.500,2,1:36.377
7,40,8,Perez,40,26.1,4.300,2,1:36.625
8,40,9,Button,40,29.8,3.700,2,1:36.978
9,40,10,Grosjean,40,31.1,1.300,2,1:38.927
10,40,11,Hamilton,40,34.9,3.700,2,1:35.253
11,40,12,Di Resta,40,36.7,1.800,2,1:37.316
12,40,13,Massa,40,44.3,7.600,3,1:36.244
13,40,14,Bottas,OUT,45.7,1.300,2,
14,40,15,Maldonado,40,54.2,8.500,2,1:55.430
15,40,16,Hulkenberg,40,54.8,0.500,3,1:55.369
16,40,17,Pic,40,64.4,9.500,2,1:38.741
17,40,18,Gutierrez,40,66.7,2.300,3,1:37.383
18,40,19,Bianchi,40,70.7,4.000,2,1:38.364
19,40,20,Van Der Garde,39,1L,26.200,2,1:41.651
20,40,21,Chilton,39,1L,0.300,2,1:41.495
21,40,22,Vergne,×,4L, ,3,
0,41,1,Vettel,40, , ,2,1:35.173
1,41,2,Rosberg,41,2.1,2.100,2,1:35.594
2,41,3,Raikkonnen,41,14.0,12.400,2,1:36.539
3,41,4,Webber,41,14.9,0.800,2,1:36.737
4,41,5,Alonso,41,16.9,2.000,2,1:36.173
5,41,6,Sutil,41,21.9,4.900,2,1:36.608
6,41,7,Ricciardo,41,22.4,0.400,2,1:36.576
7,41,8,Perez,41,26.4,3.900,2,1:36.149
8,41,9,Button,41,30.3,3.900,2,1:36.356
9,41,10,Grosjean,41,33.0,2.700,2,1:37.812
10,41,11,Hamilton,41,34.5,1.400,2,1:35.530
11,41,12,Di Resta,41,38.0,3.500,2,1:37.211
12,41,13,Massa,41,44.8,6.700,3,1:36.323
13,41,14,Maldonado,41,54.8,9.900,2,1:36.393
14,41,15,Hulkenberg,41,55.4,0.600,3,1:36.444
15,41,16,Pic,41,67.2,11.800,2,1:38.716
16,41,17,Gutierrez,41,68.9,1.700,3,1:38.071
17,41,18,Bianchi,41,73.4,4.500,2,1:38.553
18,41,19,Bottas,41,73.9,0.400,2,2:04.050
19,41,20,Van Der Garde,40,1L,26.200,2,1:41.651
20,41,21,Chilton,40,1L,0.300,2,1:41.495
21,41,22,Vergne,×,5L, ,3,
0,42,1,Vettel,41, , ,2,1:35.173
1,42,2,Rosberg,41,2.1,2.100,2,1:35.594
2,42,3,Raikkonnen,41,14.0,12.400,2,1:36.539
3,42,4,Webber,41,14.9,0.800,2,1:36.737
4,42,5,Alonso,41,16.9,2.000,2,1:36.173
5,42,6,Sutil,41,21.9,4.900,2,1:36.608
6,42,7,Ricciardo,41,22.4,0.400,2,1:36.576
7,42,8,Perez,41,26.4,3.900,2,1:36.149
8,42,9,Button,41,30.3,3.900,2,1:36.356
9,42,10,Grosjean,41,33.0,2.700,2,1:37.812
10,42,11,Hamilton,41,34.5,1.400,2,1:35.530
11,42,12,Di Resta,41,38.0,3.500,2,1:37.211
12,42,13,Massa,41,44.8,6.700,3,1:36.323
13,42,14,Maldonado,41,54.8,9.900,2,1:36.393
14,42,15,Hulkenberg,41,55.4,0.600,3,1:36.444
15,42,16,Pic,41,67.2,11.800,2,1:38.716
16,42,17,Gutierrez,41,68.9,1.700,3,1:38.071
17,42,18,Bianchi,41,73.4,4.500,2,1:38.553
18,42,19,Bottas,41,73.9,0.400,2,2:04.050
19,42,20,Van Der Garde,40,1L,26.200,2,1:41.651
20,42,21,Chilton,40,1L,0.300,2,1:41.423
21,42,22,Vergne,×,6L, ,3,
0,43,1,Rosberg,42, , ,2,1:36.595
1,43,2,Vettel,42,0.0,0.000,2,1:35.173
2,43,3,Raikkonnen,42,15.6,13.500,2,1:36.757
3,43,4,Webber,42,16.7,1.000,2,1:36.997
4,43,5,Alonso,42,18.0,1.200,2,1:36.179
5,43,6,Sutil,42,23.6,5.600,2,1:36.866
6,43,7,Ricciardo,42,24.3,0.600,2,1:37.038
7,43,8,Perez,42,27.9,3.600,2,1:36.748
8,43,9,Button,42,31.6,3.700,2,1:36.531
9,43,10,Hamilton,42,34.9,3.200,2,1:35.536
10,43,11,Grosjean,42,36.2,1.300,2,1:38.376
11,43,12,Di Resta,42,40.5,4.200,2,1:37.618
12,43,13,Massa,42,45.7,5.200,3,1:36.106
13,43,14,Maldonado,42,55.7,10.000,2,1:36.142
14,43,15,Hulkenberg,42,56.8,1.000,3,1:36.593
15,43,16,Gutierrez,OUT,69.5,12.700,4,
16,43,17,Pic,42,70.6,1.000,2,1:38.559
17,43,18,Bottas,42,75.3,4.600,2,1:36.571
18,43,19,Bianchi,42,77.0,1.700,2,1:38.790
19,43,20,Van Der Garde,PIT,1L,28.600,3,
20,43,21,Chilton,41,1L,0.300,2,1:41.423
21,43,22,Vergne,×,6L, ,3,
0,44,1,Rosberg,42, , ,2,1:36.595
1,44,2,Vettel,42,0.0,0.000,2,1:35.173
2,44,3,Raikkonnen,42,14.5,14.500,3,
3,44,4,Sutil,44,25.0,7.700,2,1:59.574
4,44,5,Ricciardo,44,25.9,0.900,2,1:59.843
5,44,6,Perez,44,31.6,5.600,2,2:01.691
6,44,7,Button,44,35.1,3.500,2,2:01.472
7,44,8,Alonso,44,35.9,0.700,3,2:18.077
8,44,9,Hamilton,44,37.6,1.600,2,2:01.459
9,44,10,Grosjean,OUT,40.6,2.900,3,
10,44,11,Di Resta,OUT,46.2,5.600,3,
11,44,12,Massa,OUT,49.9,3.600,4,
12,44,13,Maldonado,44,66.9,16.900,2,2:03.445
13,44,14,Hulkenberg,44,67.5,0.600,3,2:03.461
14,44,15,Pic,44,92.5,24.900,2,2:07.662
15,44,16,Bottas,44,92.9,0.400,2,2:03.833
16,44,17,Bianchi,44,96.4,3.400,2,2:04.613
17,44,18,Gutierrez,44,109.8,13.400,4,2:05.106
18,44,19,Chilton,43,1L,52.600,2,2:25.846
19,44,20,Vettel,×,2L, ,2,
20,44,21,Van Der Garde,43,1L,16.100,3,2:19.444
21,44,22,Vergne,×,8L, ,3,
0,45,1,Rosberg,44, , ,3,2:41.660
1,45,2,Raikkonnen,44,2.0,2.000,2,2:26.354
2,45,3,Sutil,44,3.3,1.300,2,2:19.903
3,45,4,Webber,OUT,14.5,14.500,3,
4,45,5,Ricciardo,44,4.1,0.800,2,2:19.842
5,45,6,Perez,44,31.6,5.600,2,2:01.691
6,45,7,Button,44,35.1,3.500,2,2:01.472
7,45,8,Alonso,44,35.9,0.700,3,2:18.077
8,45,9,Hamilton,44,37.6,1.600,2,2:01.459
9,45,10,Grosjean,OUT,40.6,2.900,3,
10,45,11,Di Resta,OUT,46.2,5.600,3,
11,45,12,Massa,OUT,49.9,3.600,4,
12,45,13,Maldonado,44,66.9,16.900,2,2:03.445
13,45,14,Hulkenberg,44,67.5,0.600,3,2:03.461
14,45,15,Pic,44,92.5,24.900,2,2:07.662
15,45,16,Bottas,44,92.9,0.400,2,2:03.833
16,45,17,Bianchi,44,96.4,3.400,2,2:04.613
17,45,18,Gutierrez,44,109.8,13.400,4,2:05.106
18,45,19,Chilton,43,1L,52.600,2,2:25.846
19,45,20,Vettel,×,2L, ,2,
20,45,21,Van Der Garde,43,1L,16.100,3,2:19.444
21,45,22,Vergne,×,8L, ,3,
0,46,1,Rosberg,44, , ,3,2:41.660
1,46,2,Raikkonnen,44,2.0,2.000,2,2:25.426
2,46,3,Sutil,46,1.8,0.900,2,2:25.033
3,46,4,Ricciardo,46,2.5,0.600,2,2:24.830
4,46,5,Webber,46,2.8,0.300,3,2:24.584
5,46,6,Perez,46,4.9,0.600,2,2:31.381
6,46,7,Button,46,5.8,0.900,2,2:29.946
7,46,8,Alonso,46,6.3,0.500,3,2:29.062
8,46,9,Hamilton,46,7.1,0.700,2,2:28.787
9,46,10,Grosjean,46,8.6,1.400,3,2:24.279
10,46,11,Massa,46,9.3,0.700,4,2:22.935
11,46,12,Maldonado,46,9.7,0.400,2,2:22.677
12,46,13,Hulkenberg,46,10.3,0.500,3,2:21.943
13,46,14,Di Resta,46,11.8,1.500,3,2:20.209
14,46,15,Pic,46,12.4,0.500,2,2:08.037
15,46,16,Bottas,46,13.4,1.000,2,2:08.069
16,46,17,Bianchi,46,14.7,1.200,2,2:08.372
17,46,18,Gutierrez,46,15.5,0.700,4,2:00.721
18,46,19,Chilton,46,75.3,59.800,2,1:41.948
19,46,20,Van Der Garde,46,78.4,3.000,3,1:39.610
20,46,21,Vettel,×,4L, ,2,
21,46,22,Vergne,×,10L, ,3,
0,47,1,Rosberg,47, , ,3,1:36.445
1,47,2,Raikkonnen,47,0.9,0.900,2,1:36.563
2,47,3,Sutil,47,2.1,1.100,2,1:36.749
3,47,4,Webber,47,2.6,0.400,3,1:36.163
4,47,5,Ricciardo,47,2.5,0.000,2,2:24.830
5,47,6,Perez,47,3.5,0.600,2,2:24.543
6,47,7,Button,47,3.8,0.300,2,2:23.942
7,47,8,Alonso,47,4.0,0.100,3,2:23.582
8,47,9,Hamilton,47,4.5,0.400,2,2:23.261
9,47,10,Grosjean,47,4.9,0.400,3,2:22.234
10,47,11,Massa,47,5.4,0.500,4,2:22.112
11,47,12,Di Resta,47,6.6,1.100,3,2:20.709
12,47,13,Hulkenberg,47,6.9,0.200,3,2:22.557
13,47,14,Maldonado,47,7.4,0.500,2,2:23.590
14,47,15,Pic,47,7.8,0.400,2,2:21.361
15,47,16,Bottas,47,8.4,0.500,2,2:20.854
16,47,17,Bianchi,47,9.2,0.700,2,2:20.410
17,47,18,Gutierrez,47,9.4,0.200,4,2:19.904
18,47,19,Chilton,47,29.9,20.400,2,1:40.528
19,47,20,Van Der Garde,47,32.0,2.000,3,1:39.524
20,47,21,Vettel,×,5L, ,2,
21,47,22,Vergne,×,11L, ,3,
0,48,1,Rosberg,48, , ,3,1:36.146
1,48,2,Raikkonnen,48,1.0,1.000,2,1:36.264
2,48,3,Webber,48,1.6,0.500,3,1:35.164
3,48,4,Sutil,48,2.9,1.300,2,1:36.959
4,48,5,Alonso,48,3.9,0.900,3,1:36.216
5,48,6,Ricciardo,48,3.3,0.700,2,1:37.315
6,48,7,Hamilton,48,0.0,0.900,2,1:36.730
7,48,8,Button,48,6.0,1.200,2,1:38.558
8,48,9,Massa,48,6.2,0.200,4,1:37.166
9,48,10,Grosjean,48,6.6,0.400,3,1:38.167
10,48,11,Di Resta,48,7.0,0.400,3,1:36.845
11,48,12,Hulkenberg,48,7.7,0.700,3,1:37.289
12,48,13,Maldonado,48,8.5,0.700,2,1:37.504
13,48,14,Bottas,48,10.5,2.000,2,1:38.570
14,48,15,Pic,48,11.3,0.800,2,1:39.989
15,48,16,Gutierrez,48,11.7,0.300,4,1:38.678
16,48,17,Bianchi,48,12.8,1.100,2,1:40.077
17,48,18,Perez,PIT,18.1,5.300,3,
18,48,19,Chilton,48,33.7,15.500,2,1:40.269
19,48,20,Van Der Garde,48,34.7,0.900,3,1:39.183
20,48,21,Vettel,×,6L, ,2,
21,48,22,Vergne,×,12L, ,3,
0,49,1,Rosberg,49, , ,3,1:35.352
1,49,2,Webber,49,1.3,1.300,3,1:35.084
2,49,3,Raikkonnen,49,2.6,1.300,2,1:36.955
3,49,4,Sutil,49,2.9,1.300,2,1:36.959
4,49,5,Alonso,49,3.9,0.900,3,1:36.216
5,49,6,Hamilton,49,4.2,0.200,2,1:35.567
6,49,7,Ricciardo,49,4.3,0.100,2,1:37.140
7,49,8,Massa,49,5.6,1.300,4,1:35.632
8,49,9,Grosjean,49,6.7,1.000,3,1:36.278
9,49,10,Di Resta,49,7.9,1.200,3,1:37.065
10,49,11,Hulkenberg,49,8.6,0.600,3,1:37.016
11,49,12,Button,49,9.6,1.000,2,1:39.835
12,49,13,Maldonado,49,10.1,0.400,2,1:37.807
13,49,14,Bottas,49,11.6,1.500,2,1:37.270
14,49,15,Gutierrez,49,12.2,0.600,4,1:36.717
15,49,16,Pic,49,14.0,1.700,2,1:38.770
16,49,17,Bianchi,49,15.2,1.100,2,1:38.502
17,49,18,Chilton,49,37.2,22.000,2,1:39.606
18,49,19,Van Der Garde,49,37.7,0.500,3,1:39.157
19,49,20,Perez,×,2L, ,3,
20,49,21,Vettel,×,7L, ,2,
21,49,22,Vergne,×,13L, ,3,
0,50,1,Rosberg,49, , ,3,1:35.352
1,50,2,Webber,49,1.3,1.300,3,1:35.084
2,50,3,Raikkonnen,49,2.6,1.300,2,1:36.955
3,50,4,Alonso,49,3.8,1.100,3,1:35.233
4,50,5,Sutil,49,4.3,0.500,2,1:36.768
5,50,6,Hamilton,49,4.5,0.100,2,1:35.717
6,50,7,Ricciardo,49,4.3,0.100,2,1:37.140
7,50,8,Massa,49,5.6,1.300,4,1:35.632
8,50,9,Grosjean,49,6.7,1.000,3,1:36.278
9,50,10,Di Resta,49,7.9,1.200,3,1:37.065
10,50,11,Hulkenberg,49,8.6,0.600,3,1:37.016
11,50,12,Button,50,11.3,2.000,2,1:37.027
12,50,13,Maldonado,50,12.0,0.600,2,1:37.256
13,50,14,Bottas,50,13.2,1.200,2,1:36.980
14,50,15,Gutierrez,50,13.7,0.400,4,1:36.844
15,50,16,Pic,50,16.9,3.100,2,1:38.288
16,50,17,Bianchi,50,17.8,0.800,2,1:37.995
17,50,18,Chilton,50,41.9,24.100,2,1:40.073
18,50,19,Van Der Garde,50,42.1,0.200,3,1:39.778
19,50,20,Perez,×,3L, ,3,
20,50,21,Vettel,×,8L, ,2,
21,50,22,Vergne,×,14L, ,3,
0,51,1,Rosberg,51, , ,3,1:33.531
1,51,2,Webber,51,1.3,1.300,3,1:33.426
2,51,3,Raikkonnen,51,4.3,2.900,2,1:35.384
3,51,4,Alonso,51,4.8,0.500,3,1:34.804
4,51,5,Hamilton,51,5.9,1.000,2,1:35.124
5,51,6,Sutil,51,8.0,2.000,2,1:37.361
6,51,7,Massa,51,8.4,0.400,4,1:36.312
7,51,8,Ricciardo,51,8.8,0.400,2,1:36.270
8,51,9,Grosjean,51,9.3,0.400,3,1:36.019
9,51,10,Di Resta,51,9.9,0.600,3,1:35.534
10,51,11,Hulkenberg,51,11.6,1.600,3,1:36.051
11,51,12,Maldonado,51,14.4,2.800,2,1:36.132
12,51,13,Button,51,15.2,0.700,2,1:37.619
13,51,14,Bottas,51,16.4,1.200,2,1:36.917
14,51,15,Gutierrez,51,16.9,0.400,4,1:36.868
15,51,16,Pic,51,20.7,3.800,2,1:37.528
16,51,17,Bianchi,51,22.6,1.800,2,1:38.509
17,51,18,Van Der Garde,51,49.5,26.900,3,1:41.121
18,51,19,Chilton,51,50.1,0.500,2,1:41.917
19,51,20,Perez,×,4L, ,3,
20,51,21,Vettel,×,9L, ,2,
21,51,22,Vergne,×,15L, ,3,
0,52,1,Rosberg,52, , ,3,1:33.992
1,52,2,Webber,52,1.1,1.100,3,1:33.841
2,52,3,Alonso,52,5.4,4.100,3,1:34.090
3,52,4,Raikkonnen,52,6.3,0.800,2,1:35.524
4,52,5,Hamilton,52,7.0,0.600,2,1:34.577
5,52,6,Sutil,52,10.7,3.700,2,1:36.252
6,52,7,Massa,52,11.3,0.600,4,1:36.411
7,52,8,Ricciardo,52,11.8,0.400,2,1:36.433
8,52,9,Di Resta,52,12.2,0.400,3,1:35.840
9,52,10,Hulkenberg,52,14.3,2.100,3,1:36.309
10,52,11,Grosjean,52,15.2,0.800,3,1:39.475
11,52,12,Maldonado,52,16.9,1.600,2,1:35.980
12,52,13,Button,52,18.6,1.700,2,1:36.956
13,52,14,Bottas,52,19.6,0.900,2,1:36.681
14,52,15,Gutierrez,52,20.2,0.500,4,1:36.834
15,52,16,Pic,52,25.0,4.700,2,1:37.799
16,52,17,Bianchi,52,27.5,2.500,2,1:38.457
17,52,18,Van Der Garde,52,54.7,27.200,3,1:38.722
18,52,19,Chilton,52,55.7,0.900,2,1:39.156
19,52,20,Perez,×,5L, ,3,
20,52,21,Vettel,×,10L, ,2,
21,52,22,Vergne,×,16L, ,3,
